"id","type","nodes","edges","directed","density","modularity","clusters","clusters_10","FA2 Max Quality","FA2 Quasi-optimal Quality","FA2 Quasi-optimal Time","FA2 Quick-Dirty Quality","FA2 Quick-Dirty Time","FA2 QO Performance Index","FA2 QND Performance Index","FA2_LL Max Quality","FA2_LL Quasi-optimal Quality","FA2_LL Quasi-optimal Time","FA2_LL Quick-Dirty Quality","FA2_LL Quick-Dirty Time","FA2_LL QO Performance Index","FA2_LL QND Performance Index","FR Max Quality","FR Quasi-optimal Quality","FR Quasi-optimal Time","FR Quick-Dirty Quality","FR Quick-Dirty Time","FR QO Performance Index","FR QND Performance Index","YH Max Quality","YH Quasi-optimal Quality","YH Quasi-optimal Time","YH Quick-Dirty Quality","YH Quick-Dirty Time","YH QO Performance Index","YH QND Performance Index","Top QO Performance","Top QND Performance","Top Quality","Top QO Time","Top QND Time","Max QO Performance","Max QND Performance","Max Quality","Min QO Time","Min QND Time"
"arxiv_condensed_matter","collaboration","23133","186936","yes","0.0003493396","0.728","619","0","6.6814158791170595","6.013274291205353","24307.45921561835","3.3407079395585297","1994.1829544413927","0.00024738390951784976","0.0016752264039356026","3.5524606669052887","3.1972146002147603","34422.67701027576","1.7762303334526444","3990.7552770797583","0.00009288105626591265","0.0004450862581462033","31.200355721422003","28.080320149279807","1048757.8366575018","15.600177860711002","441682.6049943367","0.000026774837019358685","0.000035319882839649135","1.933803172052457","1.7404228548472114","8813.313401000043","0.9669015860262286","3813.8278839969216","0.0001974765647900058","0.0002535252285724305","FA2","FA2","FR","YH","FA2","0.00024738390951784976","0.0016752264039356026","31.200355721422003","8813.313401000043","1994.1829544413927"
"arxiv_general_relativity","collaboration","5242","28980","yes","0.0010548415","0.86","391","0","20.20032484523651","18.18029236071286","1601.3173716544375","10.100162422618254","382.3136902648919","0.011353334874478677","0.026418521438822142","7.554276596524864","6.798848936872377","851.3576676832965","3.777138298262432","99.75734967224548","0.007985890296111757","0.03786325830299508","64.0446631060501","57.640196795445085","16659.331598625336","32.02233155302505","7089.124507470682","0.0034599345390424504","0.004517106663774797","3.795446250498662","3.415901625448796","478.1628910545038","1.897723125249331","221.44091339406953","0.007143803271549635","0.008569884833667572","FA2","FA2_LL","FR","YH","FA2_LL","0.011353334874478677","0.03786325830299508","64.0446631060501","478.1628910545038","99.75734967224548"
"arxiv_high_energy_physics","collaboration","12008","237010","yes","0.0016438473","0.655","310","0","6.4247855821240245","5.782307023911621","9389.007283358906","3.2123927910620123","1294.4173747914124","0.000615859254274964","0.002481728732650603","2.652303213217275","2.3870728918955475","7516.017085878832","1.3261516066086374","890.4935018005041","0.00031759811940560963","0.0014892322110461995","41.80123152859657","37.62110837573692","175090.5866704144","20.900615764298283","71939.12596924197","0.00021486653903646935","0.0002905319668914865","4.479546507012857","4.031591856311571","2814.0051574575","2.2397732535064283","936.8756719608847","0.0014326881546848978","0.0023906835458952346","YH","FA2","FR","YH","FA2_LL","0.0014326881546848978","0.002481728732650603","41.80123152859657","2814.0051574575","890.4935018005041"
"c_elegans","biological","306","2345","yes","0.0251258974","0.402","14","5","1.3704334726278704","1.2333901253650834","3.860942737474312","0.6852167363139352","0.22446302352781625","0.31945309972971064","3.0526931587421156","2.5541263531989875","2.298713717879089","11.299617635754426","1.2770631765994938","3.1470941319241352","0.20343287640153973","0.40579122297136266","6.0008134421641985","5.400732097947779","45.762067559801935","3.0004067210820993","16.028961230793914","0.11801765929588069","0.18718659792612707","1.5555822752500996","1.4000240477250896","10.901468457269754","0.7777911376250498","1.3632088308386212","0.12842527162397735","0.5705590515772752","FA2","FA2","FR","FA2","FA2","0.31945309972971064","3.0526931587421156","6.0008134421641985","3.860942737474312","0.22446302352781625"
"facebook_ego_0","social","333","5038","yes","0.0455696661","0.454","13","5","4.158993416740466","3.7430940750664194","42.335070212047476","2.079496708370233","3.9510822602820492","0.08841591749625186","0.5263106590501073","2.619359692806663","2.3574237235259967","12.545176903558353","1.3096798464033315","1.8737107210211519","0.1879147453757571","0.6989765451571789","10.66042682175808","9.59438413958227","58.244645911524984","5.33021341087904","12.023764391327969","0.16472559819758148","0.44330654172859607","4.004136633142305","3.6037229698280746","19.972358432785537","2.0020683165711524","5.228051351497565","0.18043552452535597","0.3829473319916155","FA2_LL","FA2_LL","FR","FA2_LL","FA2_LL","0.1879147453757571","0.6989765451571789","10.66042682175808","12.545176903558353","1.8737107210211519"
"facebook_ego_107","social","1034","53498","yes","0.0500860389","0.54","8","5","2.976101105120531","2.678490994608478","95.73006342509395","1.4880505525602654","11.42472138058005","0.027979622062031966","0.13024830129246573","2.0232460383449764","1.8209214345104787","507.50920333073606","1.0116230191724882","90.40801119399902","0.0035879574647315546","0.01118952851425667","3.07569799880381","2.768128198923429","25.348064876844052","1.537848999401905","9.673150291781669","0.10920471493080988","0.15898119568228616","2.9188027083831143","2.626922437544803","56.711812374200754","1.4594013541915571","18.642866358212714","0.046320551708198245","0.07828202628018353","FR","FR","FR","FR","FR","0.10920471493080988","0.15898119568228616","3.07569799880381","25.348064876844052","9.673150291781669"
"facebook_ego_1684","social","786","28048","yes","0.0454579342","0.577","11","4","4.280824695457758","3.8527422259119826","83.90607649815199","2.140412347728879","10.471915327417163","0.04591732073179275","0.20439549793961134","2.133365131436695","1.9200286182930255","153.24057414769098","1.0666825657183474","16.26674283440392","0.012529505511004745","0.06557444084394877","8.011418669834526","7.210276802851073","423.68699782289696","4.005709334917263","70.32251562447591","0.017017932671762093","0.05696197440244966","3.405385339176746","3.064846805259071","50.65565999758172","1.702692669588373","15.1210881904662","0.060503541073305245","0.11260384491784894","YH","FA2","FR","YH","FA2","0.060503541073305245","0.20439549793961134","8.011418669834526","50.65565999758172","10.471915327417163"
"facebook_ego_1912","social","747","60050","yes","0.1077590074","0.527","6","3","2.9194645046974053","2.627518054227665","577.3687485682636","1.4597322523487026","37.0163695299704","0.004550849107686","0.039434776313404446","2.1374410508120274","1.9236969457308246","882.7100433636004","1.0687205254060137","59.101737364071674","0.0021793078714732912","0.018082726042765975","5.143322437291308","4.628990193562177","839.4988279604913","2.571661218645654","23.137061187958665","0.005513992443334331","0.11114900020163478","3.093594005823714","2.7842346052413425","95.8821157564491","1.546797002911857","20.596914694408824","0.029038101456934872","0.07509848080944598","YH","FR","FR","YH","YH","0.029038101456934872","0.11114900020163478","5.143322437291308","95.8821157564491","20.596914694408824"
"facebook_ego_3437","social","534","9626","yes","0.033820295","0.681","11","4","3.9709381466981086","3.5738443320282975","30.70473677984108","1.9854690733490543","3.341774475840424","0.11639390878526186","0.5941361655920028","2.9275930766314153","2.634833768968274","55.22048489226823","1.4637965383157077","8.326709330942316","0.04771478870764486","0.17579532083294816","4.333955148619883","3.900559633757895","92.12708104407575","2.1669775743099415","3.0991551595553006","0.04233890393088408","0.6992155806167776","2.971864904891188","2.674678414402069","22.766269169449927","1.485932452445594","6.578886757697953","0.11748426562535869","0.22586381361662822","YH","FR","FR","YH","FR","0.11748426562535869","0.6992155806167776","4.333955148619883","22.766269169449927","3.0991551595553006"
"facebook_ego_348","social","224","6384","yes","0.1278026906","0.297","7","5","1.6088799321276472","1.4479919389148825","22.058515035052924","0.8044399660638236","0.5860783357948137","0.06564321925632327","1.3725809621897684","1.6381082291770972","1.4742974062593874","2.3453037522146705","0.8190541145885486","0.5680819093723096","0.6286168283605944","1.441788765098233","2.113308934594495","1.9019780411350458","2.0884598230802105","1.0566544672972475","0.38509660077051516","0.9107084656911771","2.7438685908498157","2.1172835390978846","1.905555185188096","10.735152252421656","1.0586417695489423","1.5883534042292269","0.17750611639049993","0.6665026603841131","FR","FR","YH","FR","FR","0.9107084656911771","2.7438685908498157","2.1172835390978846","2.0884598230802105","0.38509660077051516"
"facebook_ego_3980","social","52","292","yes","0.1101055807","0.46","7","3","4.509998176892583","4.058998359203324","7.616103252121302","2.2549990884462914","0.9393614154865768","0.5329494919955","2.400566013538284","3.7296590021452283","3.3566931019307056","4.2167777666131565","1.8648295010726141","0.5053740120331012","0.7960327263408865","3.6899988061722313","15.958039468556489","14.36223552170084","1.7309943965396637","7.9790197342782445","0.707713098988901","8.297101105821948","11.274370568635439","3.2439004119297308","2.919510370736758","1.7554330141901315","1.6219502059648654","0.3363795233453484","1.6631283262515564","4.821786385313559","FR","FR","FR","FR","YH","8.297101105821948","11.274370568635439","15.958039468556489","1.7309943965396637","0.3363795233453484"
"facebook_ego_414","social","150","3386","yes","0.1514988814","0.544","5","3","4.403343069400042","3.9630087624600376","12.739682603435572","2.201671534700021","0.7012457611826944","0.3110759416715228","3.139657530316854","2.520827507211218","2.268744756490096","2.7967223457376487","1.260413753605609","0.6123773320792211","0.8112155859689761","2.058230583627406","5.819358096595555","5.237422286936","14.875357848900185","2.9096790482977775","1.101512328571385","0.35208714574373956","2.641531077615362","2.7341123915146213","2.4607011523631592","8.61451524111312","1.3670561957573106","3.2411231275123207","0.2856459224332629","0.421784715351612","FA2_LL","FA2","FR","FA2_LL","FA2_LL","0.8112155859689761","3.139657530316854","5.819358096595555","2.7967223457376487","0.6123773320792211"
"facebook_ego_686","social","168","3312","yes","0.1180496151","0.331","6","5","1.3974709975050899","1.2577238977545808","2.7868184521437684","0.6987354987525449","0.13071024242412743","0.4513117446840044","5.345682830923794","1.9695926934163979","1.772633424074758","2.7580242403264275","0.9847963467081989","0.5347174870598944","0.6427185802634414","1.841713373024381","1.6292481426827814","1.4663233284145032","0.540318968345432","0.8146240713413907","0.12100236185189996","2.7138105717529912","6.73229893097826","1.6459700263030814","1.4813730236727733","3.270514361021545","0.8229850131515407","0.7205146262348875","0.45294802595212164","1.1422183300457358","FR","FR","FA2_LL","FR","FR","2.7138105717529912","6.73229893097826","1.9695926934163979","0.540318968345432","0.12100236185189996"
"facebook_ego_698","social","61","540","yes","0.1475409836","0.535","5","4","8.551565246602344","7.696408721942109","5.977646890874254","4.275782623301172","1.5163639819008026","1.287531509044436","2.8197600802555103","5.533816200366578","4.98043458032992","2.614084007471079","2.766908100183289","0.736019922053707","1.9052312649845173","3.7592842493486054","24.851279255581314","22.366151330023182","2.855842318991058","12.425639627790657","0.8294254868483965","7.831717872268568","14.981019783952977","6.836952825737489","6.153257543163741","3.430604162612314","3.4184764128687446","0.9686229591928045","1.7936367040603711","3.5292126626004294","FR","FR","FR","FA2_LL","FA2_LL","7.831717872268568","14.981019783952977","24.851279255581314","2.614084007471079","0.736019922053707"
"marvel_super_heroes","social","10469","178115","no","0.0032505854","0.469","612","3","1.2337725052236255","1.110395254701263","853.9290877723573","0.6168862526118127","45.76225311407482","0.001300336609446047","0.013480242134801724","1.5023255698241214","1.3520930128417092","2580.565718397487","0.7511627849120607","119.10995147764604","0.000523952171883206","0.006306465375842548","3.301841266949953","2.9716571402549574","83281.27771456708","1.6509206334749764","1244.6420330557753","0.00003568217517555176","0.0013264220471662271","2.0017207495949063","1.8015486746354157","1156.355788756759","1.0008603747974532","273.1954115420256","0.0015579536092194665","0.003663532887130833","YH","FA2","FR","FA2","FA2","0.0015579536092194665","0.013480242134801724","3.301841266949953","853.9290877723573","45.76225311407482"
"oregon-2_010331","autonomous system","10900","31181","yes","0.0002624683","0.641","16","2","2.5608194981792587","2.3047375483613326","498.56045264862973","1.2804097490896293","62.69317422521716","0.004622784531178292","0.020423431496544138","2.2775425913686904","2.0497883322318216","3064.1692139050374","1.1387712956843452","371.3609516282104","0.0006689540260798884","0.0030664809821589183","2.1854833077002596","1.9669349769302333","4826.523384693667","1.0927416538501298","1152.255767634701","0.0004075262502960134","0.0009483499102749218","1.2863989122698578","1.1577590210428723","783.8486496777055","0.6431994561349289","120.91889796381854","0.0014770185819914436","0.00531926329933463","FA2","FA2","FA2","FA2","FA2","0.004622784531178292","0.020423431496544138","2.5608194981792587","498.56045264862973","62.69317422521716"
"oregon-2_010407","autonomous system","10981","30856","yes","0.0002559148","0.636","16","2","2.527483438906637","2.2747350950159735","473.0196372729569","1.2637417194533185","64.9038807542201","0.0048089654546484145","0.01947097314933898","2.217078305729659","1.995370475156693","3053.45797965249","1.1085391528648294","309.9562988053772","0.0006534789371438422","0.0035764369271969066","2.1662981465561777","1.9496683319005599","4593.777179963017","1.0831490732780888","1085.9622890153828","0.00042441508491194513","0.0009974094719809796","1.2665946784086475","1.139935210567783","768.8932744825871","0.6332973392043237","112.93734813354887","0.0014825662395537037","0.005607510267156682","FA2","FA2","FA2","FA2","FA2","0.0048089654546484145","0.01947097314933898","2.527483438906637","473.0196372729569","64.9038807542201"
"oregon-2_010414","autonomous system","11019","31762","yes","0.0002616152","0.629","23","3","2.517827439213558","2.266044695292202","695.8025387758283","1.258913719606779","82.57852338717967","0.0032567353078058682","0.015245050019896888","2.1963046530627093","1.9766741877564384","3689.0396030293077","1.0981523265313546","352.3756935751354","0.0005358235206077116","0.003116424732335293","2.182343190167169","1.9641088711504524","4376.777323291004","1.0911715950835845","992.2753966133372","0.00044875686517073976","0.0010996660794047527","1.0606038245324234","0.9545434420791812","557.8039584967142","0.5303019122662117","50.39449026756236","0.0017112525422940397","0.010523013715401213","FA2","FA2","FA2","YH","YH","0.0032567353078058682","0.015245050019896888","2.517827439213558","557.8039584967142","50.39449026756236"
"oregon-2_010421","autonomous system","11080","31539","yes","0.0002569257","0.624","19","2","2.4958627605471775","2.24627648449246","470.32102563301885","1.2479313802735887","87.89620164168417","0.004776049468486191","0.014197785080189014","2.1930639063103667","1.9737575156793303","3678.0847063279407","1.0965319531551834","363.62264558605835","0.0005366264437258854","0.0030155766327146084","2.1801234678350556","1.9621111210515503","4491.138266270231","1.0900617339175278","1082.8874763870153","0.00043688503998809874","0.0010066251182019844","1.1288413892475333","1.01595725032278","1099.855103000549","0.5644206946237667","127.91782131870994","0.0009237191767816646","0.004412369510402313","FA2","FA2","FA2","FA2","FA2","0.004776049468486191","0.014197785080189014","2.4958627605471775","470.32102563301885","87.89620164168417"
"oregon-2_010428","autonomous system","11113","31435","yes","0.0002545599","0.632","20","2","2.505590841152687","2.2550317570374183","568.6995407622695","1.2527954205763434","77.66736710809639","0.003965242795896819","0.016130267668694367","2.180028583174261","1.9620257248568347","4046.108067213533","1.0900142915871305","409.5250638271231","0.0004849167872592289","0.002661654652832846","2.1754661204360044","1.957919508392404","5340.108681344443","1.0877330602180022","1158.3769300435642","0.00036664413127627057","0.0009390147818094882","1.2561295083646624","1.1305165575281964","1347.792218535888","0.6280647541823312","203.83682566625467","0.0008387914264383281","0.0030812133780510876","FA2","FA2","FA2","FA2","FA2","0.003965242795896819","0.016130267668694367","2.505590841152687","568.6995407622695","77.66736710809639"
"oregon-2_010505","autonomous system","11157","30944","yes","0.0002486111","0.635","19","3","2.5560401402832555","2.3004361262549304","778.24231327122","1.2780200701416278","72.80958965530621","0.0029559381275292094","0.017552908568665287","2.200180425189679","1.980162382670711","3277.2883297890266","1.1000902125948395","365.06774788805313","0.0006042075592409602","0.003013386471302797","2.1525122244897767","1.9372610020407992","4893.980510863759","1.0762561122448884","1199.3936445148306","0.00039584567158378075","0.0008973335127853267","1.1059330063207498","0.9953397056886748","632.0560768456915","0.5529665031603749","71.88366519883729","0.0015747648700032584","0.007692519595805461","FA2","FA2","FA2","YH","YH","0.0029559381275292094","0.017552908568665287","2.5560401402832555","632.0560768456915","71.88366519883729"
"oregon-2_010512","autonomous system","11260","31304","yes","0.000246923","0.629","20","3","2.5540940803724568","2.2986846723352112","589.2396733365308","1.2770470401862284","77.08153585558289","0.003901103025393828","0.016567483068563354","2.242806367510296","2.0185257307592663","3652.661420108468","1.121403183755148","448.29055849097676","0.0005526178034588612","0.0025015097072978386","2.1613432141276885","1.9452088927149194","5073.250746849915","1.0806716070638442","1240.9896645318427","0.0003834245515900706","0.0008708143491843846","1.1042624529099305","0.9938362076189377","927.0333867984541","0.5521312264549653","108.70440721899806","0.0010720608575395432","0.005079198172182943","FA2","FA2","FA2","FA2","FA2","0.003901103025393828","0.016567483068563354","2.5540940803724568","589.2396733365308","77.08153585558289"
"oregon-2_010519","autonomous system","11375","32288","yes","0.0002495609","0.623","20","3","2.526517057372245","2.27386535163502","685.8912504533913","1.2632585286861224","69.33247183988743","0.003315198072773108","0.0182203013272543","2.2279590829658447","2.00516317466926","3219.130293675212","1.1139795414829223","410.2072320395489","0.0006228897222982572","0.002715650662579058","2.1717450551355015","1.9545705496219516","4974.119659527861","1.0858725275677508","1194.9684409260612","0.0003929480357148219","0.000908703937592055","1.3039544285621265","1.1735589857059137","908.2961139932884","0.6519772142810633","142.80612998190352","0.0012920444859621906","0.004565470784508216","FA2","FA2","FA2","FA2","FA2","0.003315198072773108","0.0182203013272543","2.526517057372245","685.8912504533913","69.33247183988743"
"oregon-2_010526","autonomous system","11461","32731","yes","0.0002492024","0.62","19","3","2.5138656599927627","2.2624790939934862","812.3609570175053","1.2569328299963813","104.31036940713145","0.0027850662620467776","0.01204993172913112","2.270130491389066","2.0431174422501592","4702.031759858485","1.135065245694533","586.3063196725973","0.0004345180012802912","0.0019359594253194666","2.1917608088747014","1.9725847279872313","5804.436410750285","1.0958804044373507","1393.8388033920533","0.00033984087142962665","0.0007862318094247416","1.2069124886663076","1.0862212397996769","1541.0507209800676","0.6034562443331538","221.79428067632406","0.0007048575527149871","0.0027207926304186757","FA2","FA2","FA2","FA2","FA2","0.0027850662620467776","0.01204993172913112","2.5138656599927627","812.3609570175053","104.31036940713145"
"random_100_005","generated","100","260","yes","0.0262626263","0.373","8","6","1.035672058929571","0.9321048530366137","0.21558538354220752","0.5178360294647855","0.023278890431853258","4.323599483979512","22.2448759308654","1.437537207709604","1.2937834869386438","3.2834101853391013","0.718768603854802","0.4877459270318947","0.3940365089672844","1.473653728343282","1.021072310877843","0.9189650797900588","0.13944497732538438","0.5105361554389215","0.011707424495763012","6.590162639172889","43.607896478314906","1.0202971241546435","0.9182674117391791","0.7831996398314408","0.5101485620773217","0.058598034262781415","1.1724563764314389","8.705898900798845","FR","FR","FA2_LL","FR","FR","6.590162639172889","43.607896478314906","1.437537207709604","0.13944497732538438","0.011707424495763012"
"random_1000_005","generated","1000","25251","yes","0.0252762763","0.115","11","4","0.5905075790550528","0.5314568211495476","3.39446831121649","0.2952537895275264","0.21612644413306448","0.15656555678938924","1.3661159822985145","0.583409302336692","0.5250683721030227","7.150467418007235","0.291704651168346","0.23549601363128164","0.07343133552090977","1.2386819066290895","0.5803669427625978","0.522330248486338","2.8961250541157404","0.2901834713812989","0.3417373374409449","0.18035486683976032","0.8491418396195735","0.5856215005586536","0.5270593505027882","3.394134260899624","0.2928107502793268","0.8122730998946012","0.15528535702741758","0.3604831310027641","FR","FA2","FA2","FR","FA2","0.18035486683976032","1.3661159822985145","0.5905075790550528","2.8961250541157404","0.21612644413306448"
"small_world_100_10","generated","100","500","no","0.101010101","0.438","4","4","1.256871842977127","1.1311846586794143","0.49291030209395054","0.6284359214885635","0.05219615481373568","2.2949097510723284","12.039889216574771","1.1845172151285688","1.066065493615712","1.8252482523443185","0.5922586075642844","0.18171731359159904","0.5840660262221729","3.2592304819966538","1.1052802199044032","0.994752197913963","0.14695837902980005","0.5526401099522016","0.025329584622795474","6.768938283622796","21.817969705466492","1.0553685725586504","0.9498317153027852","2.153585290475407","0.5276842862793252","0.21841003383059643","0.44104671382349037","2.416025843797124","FR","FR","FA2","FR","FR","6.768938283622796","21.817969705466492","1.256871842977127","0.14695837902980005","0.025329584622795474"
"small_world_100_10_more_rewire","generated","100","500","no","0.101010101","0.496","4","4","0.862462725624076","0.7762164530616684","0.15998311729564269","0.431231362812038","0.005253316277957066","4.851864785377635","82.08745485618034","0.8534626258453946","0.7681163632608551","1.0149064276990236","0.4267313129226973","0.01172882602702496","0.7568346620902912","36.383122397710125","0.817162725801903","0.7354464532217128","0.09522189681131134","0.4085813629009515","0.0033476058190079565","7.723501398833189","122.05181404005093","0.8188117811015828","0.7369306029914245","0.4928504867620115","0.4094058905507914","0.035429970647506026","1.4952417067354442","11.55535505868702","FR","FR","FA2","FR","FR","7.723501398833189","122.05181404005093","0.862462725624076","0.09522189681131134","0.0033476058190079565"
"small_world_1000_100","generated","1000","50000","no","0.1001001001","0.349","7","7","1.3387334489238627","1.2048601040314764","19.619796814760242","0.6693667244619314","4.152710962972027","0.061410427203050524","0.16118789157983596","1.3401064291105067","1.2060957861994561","128.72182002324226","0.6700532145552534","32.12357647441658","0.009369785060385886","0.020858611901102855","1.1147493531662813","1.0032744178496533","18.42714563989538","0.5573746765831407","4.550821704066271","0.05444545983711829","0.1224778101249523","1.1290057999502836","1.0161052199552554","30.82681056975521","0.5645028999751418","6.414028379944035","0.03296173691585779","0.08801066452095543","FA2","FA2","FA2_LL","FR","FA2","0.061410427203050524","0.16118789157983596","1.3401064291105067","18.42714563989538","4.152710962972027"
"small_world_1000_100_more_rewire","generated","1000","50000","no","0.1001001001","0.278","3","3","0.7665209676905659","0.6898688709215093","13.012804571464457","0.38326048384528294","0.4379553728503797","0.05301461857302539","0.8751130996541459","0.7661155969611904","0.6895040372650714","125.85861020513431","0.3830577984805952","0.4624496923359844","0.005478401804542917","0.8283231772642018","0.705437811772257","0.6348940305950311","11.56146874513396","0.3527189058861285","0.49877048313259087","0.05491465181378863","0.7071767833389677","0.7199547362749648","0.6479592626474683","20.085285650397875","0.3599773681374824","1.1013012754129088","0.03226039569094367","0.3268654782974956","FR","FA2","FA2","FR","FA2","0.05491465181378863","0.8751130996541459","0.7665209676905659","11.56146874513396","0.4379553728503797"
"small_world_20_4","generated","20","40","no","0.2105263158","0.441","3","3","1.1807197991937304","1.0626478192743574","0.07134419892162334","0.5903598995968652","0.02039318932666911","14.894663270965468","28.94887553585473","1.0105098948816988","0.909458905393529","0.2862702737693374","0.5052549474408494","0.07346223999312865","3.176924007577282","6.877750358389682","1.1372210742573114","1.0234989668315804","0.02204850937999788","0.5686105371286557","0.006180586297706948","46.42032480255038","91.99944952465356","1.1414598507456841","1.0273138656711158","0.09855510535080073","0.5707299253728421","0.01830402155146383","10.423750875355026","31.180575469066742","FR","FR","FA2","FR","FR","46.42032480255038","91.99944952465356","1.1807197991937304","0.02204850937999788","0.006180586297706948"
"tree_02_04","generated","31","30","no","0.064516129","0.648","5","4","2.6074059163143115","2.346665324682881","0.46068036267370127","1.3037029581571558","0.0834993444828589","5.093912210764273","15.613331652259683","1.8325725645265831","1.649315308073925","3.8195727227987373","0.9162862822632916","0.20100646428154656","0.43180623273102986","4.558491616368436","2.2347200012480153","2.0112480011232137","0.052042617677281765","1.1173600006240076","0.017548002205469482","38.646172903811994","63.674484852511654","2.408011586124971","2.167210427512474","0.41686033937851447","1.2040057930624855","0.07754688469667582","5.198888507224046","15.52616585143229","FR","FR","FA2","FR","FR","38.646172903811994","63.674484852511654","2.6074059163143115","0.052042617677281765","0.017548002205469482"
"tree_02_08","generated","511","510","no","0.0039138943","0.908","20","0","15.920646520388834","14.32858186834995","52.26942211116152","7.960323260194417","11.623396242327901","0.27412933393212796","0.6848534708991514","4.7225617087497325","4.25030553787476","73.15303779328796","2.3612808543748662","20.6702532245268","0.058101558952138824","0.11423570039156705","9.924191209756222","8.9317720887806","39.759373824088904","4.962095604878111","11.224880488017433","0.22464569307097917","0.44206222152433167","5.263077987072856","4.736770188365571","30.985228513065636","2.631538993536428","13.10405232219096","0.15287188172158236","0.2008187184265182","FA2","FA2","FA2","YH","FR","0.27412933393212796","0.6848534708991514","15.920646520388834","30.985228513065636","11.224880488017433"
"tree_02_10","generated","2047","2046","no","0.0009770396","0.952","42","0","25.533436294532105","22.980092665078896","210.42987710023328","12.766718147266053","68.87199637551053","0.10920546541084977","0.18536878294710846","5.880724163029855","5.292651746726869","283.77614208485335","2.9403620815149276","80.48453034545453","0.018650798858010714","0.03653325761974815","16.94831119953897","15.253480079585074","910.587921747231","8.474155599769485","253.89612827149804","0.016751243581527835","0.033376466421369926","5.801826354309576","5.221643718878618","161.9085304597973","2.900913177154788","87.54068966325056","0.03225057817552843","0.033137883518098286","FA2","FA2","FA2","YH","FA2","0.10920546541084977","0.18536878294710846","25.533436294532105","161.9085304597973","68.87199637551053"
"tree_03_04","generated","121","120","no","0.0165289256","0.809","10","8","5.741159356105954","5.167043420495359","4.580842512899933","2.870579678052977","0.5860475373382293","1.127967924228927","4.898202782475411","2.4135135089339426","2.172162158040548","5.9882291795663205","1.2067567544669713","1.7749492953962158","0.36273864825558666","0.6798823817654978","3.981075995211236","3.582968395690112","1.0133273552647775","1.990537997605618","0.3578377180082162","3.5358449340923004","5.562683578146208","3.2350456805398142","2.9115411124858332","2.9743890876879466","1.6175228402699071","1.000648302624026","0.9788702912264359","1.6164748753665348","FR","FR","FA2","FR","FR","3.5358449340923004","5.562683578146208","5.741159356105954","1.0133273552647775","0.3578377180082162"
"tree_03_06","generated","1093","1092","no","0.0018298262","0.937","29","0","18.916054353211578","17.02444891789042","83.4996914207056","9.458027176605789","22.935166370826977","0.20388636925751358","0.41238101453827647","4.762731025401996","4.286457922861796","127.00953731702346","2.381365512700998","44.211956698901886","0.03374910273204554","0.05386247726873724","11.298428368226492","10.168585531403844","137.1288203119739","5.649214184113246","49.40419340512313","0.07415352592015216","0.11434685589922884","2.070953433128012","1.8638580898152108","28.935977055909284","1.035476716564006","13.199509509167672","0.0644131727853501","0.07844812080667235","FA2","FA2","FA2","YH","YH","0.20388636925751358","0.41238101453827647","18.916054353211578","28.935977055909284","13.199509509167672"
"tree_03_10","generated","88573","88572","no","2.25802445440484E-005","0.993","295","0","undefined","undefined","undefined","undefined","undefined","undefined","undefined","undefined","undefined","undefined","undefined","undefined","undefined","undefined","undefined","undefined","undefined","undefined","undefined","undefined","undefined","undefined","undefined","undefined","undefined","undefined","undefined","undefined","N/A","N/A","N/A","N/A","N/A","0","0","0","1000000000","1000000000"
"twitter_big_ego_16987303","social","193","13538","yes","0.3653389465","0.149","5","3","0.9116569327551586","0.8204912394796428","29.139118170081968","0.4558284663775793","0.06861371362916599","0.02815772374066098","6.643401767191594","0.983333325857335","0.8849999932716015","1.927036602270079","0.4916666629286675","0.4189857449435734","0.45925437650175294","1.1734687131059371","4.426581995437264","3.9839237958935367","55.25121027861224","2.213290997718632","16.74508411250386","0.07210563851550081","0.13217556763814206","1.4380017967583296","1.2942016170824968","13.910589301350594","0.7190008983791648","1.6340311285364646","0.09303715242005178","0.4400166470654355","FA2_LL","FA2","FR","FA2_LL","FA2","0.45925437650175294","6.643401767191594","4.426581995437264","1.927036602270079","0.06861371362916599"
"twitter_big_ego_175553601","social","201","8888","yes","0.2210945274","0.106","5","5","0.9132255995846189","0.8219030396261571","4.545801815202502","0.45661279979230945","0.046392901838823435","0.18080485534531465","9.84229875032731","1.3332278841791987","1.199905095761279","1.2704510984315576","0.6666139420895993","0.40023063296237693","0.9444716898136641","1.6655745142632883","1.3244669836173637","1.1920202852556274","0.9136559412908002","0.6622334918086819","0.18545638851611737","1.3046708628321926","3.5708313803982517","1.334047489759251","1.200642740783326","4.608651041178123","0.6670237448796255","0.9629550274440141","0.2605193428740055","0.6926842125224857","FR","FA2","YH","FR","FA2","1.3046708628321926","9.84229875032731","1.334047489759251","0.9136559412908002","0.046392901838823435"
"twitter_big_ego_200214366","social","183","9451","yes","0.2837626854","0.098","3","3","0.6826539575836761","0.6143885618253084","1.8731037636935393","0.34132697879183804","0.04935643620752227","0.32800562026195856","6.91555154745588","0.8791811527957217","0.7912630375161496","1.1673680120511873","0.43959057639786087","0.0959218186220556","0.6778179882844467","4.582800688234496","0.8351700515015543","0.7516530463513988","0.5878185827202931","0.41758502575077716","0.027505049074892304","1.2787160332239182","15.182122548254796","0.8381424631033727","0.7543282167930354","2.4817157624391717","0.41907123155168635","0.19996297218792192","0.3039543158849258","2.0957441618633776","FR","FR","FA2_LL","FR","FR","1.2787160332239182","15.182122548254796","0.8791811527957217","0.5878185827202931","0.027505049074892304"
"twitter_big_ego_217796457","social","184","12105","yes","0.3594975053","0.078","4","4","0.6379442137276106","0.5741497923548495","1.4205655114555231","0.3189721068638053","0.05795247604028844","0.40416988004064025","5.504028967494961","0.7930086526164593","0.7137077873548133","1.0847848394474873","0.3965043263082296","0.06697815512255297","0.6579256654419374","5.919905162850898","0.770041483779692","0.6930373354017227","0.49568440170229877","0.385020741889846","0.02925452707947838","1.3981423119663778","13.161065323114805","0.7718054485280452","0.6946249036752408","2.0520175073985034","0.3859027242640226","0.23580401607230828","0.3385082735263155","1.6365400839724766","FR","FR","FA2_LL","FR","FR","1.3981423119663778","13.161065323114805","0.7930086526164593","0.49568440170229877","0.02925452707947838"
"twitter_big_ego_24117694","social","246","9630","yes","0.1597809856","0.299","4","4","0.971992970948914","0.8747936738540226","1.5687554908796675","0.485996485474457","0.056814908481957596","0.557635449845335","8.554030948211283","1.0636055447489599","0.9572449902740638","3.6176791227654155","0.5318027723744799","0.3787890275807657","0.26460196103360584","1.4039550611351552","1.0847909131007327","0.9763118217906596","0.8389559131384388","0.5423954565503664","0.1799449673707531","1.163722439404936","3.014229652962905","1.0854360418176912","0.9768924376359222","3.8429322340152927","0.5427180209088456","0.7872100857757713","0.25420496073000354","0.6894195472279978","FR","FA2","YH","FR","FA2","1.163722439404936","8.554030948211283","1.0854360418176912","0.8389559131384388","0.056814908481957596"
"twitter_big_ego_248883350","social","184","9042","yes","0.2685317177","0.089","5","5","0.705066028311169","0.6345594254800522","0.9361945089597143","0.3525330141555845","0.044758970753610024","0.6778072498899458","7.876253815044464","1.11005043234272","0.9990453891084481","1.1849479069576516","0.55502521617136","0.3579209868369559","0.8431133413058576","1.5506920146713588","0.9476510103676339","0.8528859093308705","0.4144648228113674","0.47382550518381694","0.021431512411529303","2.0578004751902403","22.108822563960423","0.9577561403803411","0.8619805263423069","2.7826283399691305","0.47887807019017054","0.21586221165968816","0.3097720647637296","2.2184432676207964","FR","FR","FA2_LL","FR","FR","2.0578004751902403","22.108822563960423","1.11005043234272","0.4144648228113674","0.021431512411529303"
"twitter_big_ego_256497288","social","213","17930","yes","0.3970679422","0.075","4","3","0.7082909404441408","0.6374618463997268","8.256205837635909","0.3541454702220704","0.09895373078218755","0.07721002345821582","3.5788996273581564","0.7836533097360133","0.7052879787624121","1.3752100125934017","0.39182665486800666","0.10223949458801013","0.5128583796684001","3.8324392784503956","3.9676407912017857","3.570876712081607","82.79743795408184","1.9838203956008928","29.1722741811572","0.043127864826710695","0.06800362506130124","1.0407925396058453","0.9367132856452608","14.91211484275234","0.5203962698029226","0.9407700309650303","0.06281558957417277","0.5531599144044869","FA2_LL","FA2_LL","FR","FA2_LL","FA2","0.5128583796684001","3.8324392784503956","3.9676407912017857","1.3752100125934017","0.09895373078218755"
"twitter_big_ego_307458983","social","228","9938","yes","0.1920163846","0.201","4","3","0.8442105437018885","0.7597894893316998","1.8193538202639472","0.42210527185094426","0.05284237284549749","0.4176150240097176","7.988007523528731","1.009527443268055","0.9085746989412496","1.3434461122497106","0.5047637216340275","0.302181450239199","0.6763015581025181","1.6703994280074757","1.0462659526329932","0.941639357369694","0.7908390918069997","0.5231329763164966","0.11190050218421925","1.190683878838271","4.674983276261573","1.0473784284819947","0.9426405856337953","4.421679363460973","0.5236892142409973","0.5454129546583366","0.21318610151233672","0.9601701055470021","FR","FA2","YH","FR","FA2","1.190683878838271","7.988007523528731","1.0473784284819947","0.7908390918069997","0.05284237284549749"
"twitter_big_ego_314316607","social","235","15957","yes","0.2901800327","0.108","3","3","0.6605592035269554","0.5945032831742599","2.662189916304774","0.3302796017634777","0.10018406136029645","0.2233136259487656","3.296728015204717","0.743582539835522","0.6692242858519699","1.3481133450435454","0.371791269917761","0.09998551594954343","0.49641544482326394","3.718451281537431","0.7825720624097902","0.7043148561688111","0.8521475128703909","0.3912860312048951","0.04752721455435506","0.8265175283987893","8.232883725121239","0.753050237100708","0.6777452133906372","8.036704709865926","0.376525118550354","1.176374673350523","0.08433123249615374","0.32007244552277203","FR","FR","FR","FR","FR","0.8265175283987893","8.232883725121239","0.7825720624097902","0.8521475128703909","0.04752721455435506"
"twitter_big_ego_89826562","social","216","9715","yes","0.2091946598","0.124","4","3","0.7485379271574801","0.6736841344417321","1.3084094297789752","0.37426896357874007","0.056824673010355285","0.5148878623991079","6.586381297971327","1.1987420282043855","1.078867825383947","1.520882519627847","0.5993710141021927","0.4563039631950029","0.7093696005184812","1.3135345349741128","1.0494830350303122","0.9445347315272811","0.49403715924629266","0.5247415175151561","0.07758543160318235","1.9118698135344139","6.763402699091675","1.0572487072680692","0.9515238365412624","2.507539468293292","0.5286243536340346","0.4399851803913722","0.37946514843449247","1.2014594518020283","FR","FR","FA2_LL","FR","FA2","1.9118698135344139","6.763402699091675","1.1987420282043855","0.49403715924629266","0.056824673010355285"
"twitter_med_ego_163374693","social","164","1749","yes","0.0654272034","0.366","6","5","1.500860396990246","1.3507743572912216","2.605431593381377","0.750430198495123","0.06174230486570901","0.5184455276901597","12.15423039563111","2.8875540714271786","2.598798664284461","4.6290257128523296","1.4437770357135893","0.6009706360288315","0.5614137456763281","2.40240861892015","4.025253021706173","3.6227277195355554","13.443284276790196","2.0126265108530865","1.0265048067999476","0.26948234114115904","1.9606596067750526","2.078242535566723","1.8704182820100506","4.585041844286251","1.0391212677833614","0.7035272270081413","0.40793919565661385","1.477016422239102","FA2_LL","FA2","FR","FA2","FA2","0.5614137456763281","12.15423039563111","4.025253021706173","2.605431593381377","0.06174230486570901"
"twitter_med_ego_18481292","social","77","1732","yes","0.2959671907","0.077","5","4","0.9247136716380477","0.8322423044742429","16.420354093034625","0.46235683581902387","0.026675064161088682","0.05068357842704945","17.332923101023717","2.440158871390093","2.1961429842510833","1.8807144859425853","1.2200794356950464","0.6370753625161842","1.1677173758516621","1.9151257566706663","5.883856466495575","5.295470819846017","36.41363508472365","2.9419282332477876","13.44713920572714","0.14542549260805843","0.21877725724701502","1.558373713232265","1.4025363419090384","7.648807277709482","0.7791868566161325","0.7021588477778973","0.18336667286628813","1.10970168514148","FA2_LL","FA2","FR","FA2_LL","FA2","1.1677173758516621","17.332923101023717","5.883856466495575","1.8807144859425853","0.026675064161088682"
"twitter_med_ego_19933035","social","62","1632","yes","0.4315177155","0.077","3","3","0.6352005600287643","0.571680504025888","0.19444315644020432","0.3176002800143822","0.007575646615207601","2.940090638786214","41.923851011849074","1.1731441273130958","1.0558297145817863","0.31344770454436494","0.5865720636565479","0.08658159500781842","3.3684397724863406","6.774789302548419","0.7048282816624803","0.6343454534962324","0.04785197093214858","0.3524141408312402","0.00323043147823568","13.256412246753614","109.09197214228278","0.700627409220814","0.6305646682987327","0.3628208605605782","0.350313704610407","0.04015461314030973","1.7379504235905168","8.724121021570497","FR","FR","FA2_LL","FR","FR","13.256412246753614","109.09197214228278","1.1731441273130958","0.04785197093214858","0.00323043147823568"
"twitter_med_ego_21420959","social","91","1787","yes","0.2181929182","0.117","3","3","0.7199499433569319","0.6479549490212387","0.34528696166280615","0.3599749716784659","0.008848290149706495","1.876569407373124","40.682998137262324","1.612791660144323","1.4515124941298907","0.707907481540484","0.8063958300721615","0.1855108753127107","2.0504268311605367","4.346892486560918","0.8772850303023673","0.7895565272721305","0.07003245578738723","0.43864251515118363","0.0041873552612092715","11.274151654329517","104.7540721501876","0.8878239968730034","0.7990415971857031","0.5546147005486057","0.4439119984365017","0.055943108196867396","1.4407147816228432","7.935061399776838","FR","FR","FA2_LL","FR","FR","11.274151654329517","104.7540721501876","1.612791660144323","0.07003245578738723","0.0041873552612092715"
"twitter_med_ego_22106463","social","156","1815","yes","0.0750620347","0.403","5","5","1.5240435263519394","1.3716391737167455","0.803244261457499","0.7620217631759697","0.09763399752656793","1.707623993762352","7.804881316762741","2.1014232364529146","1.8912809128076233","2.159471885319639","1.0507116182264573","0.4268102512504939","0.8758071478794369","2.4617769023776264","1.567842031549074","1.4110578283941666","0.39977586012458993","0.783921015774537","0.09392413750464247","3.5296223937943907","8.346321154514614","1.571808368985396","1.4146275320868564","2.0700646944009655","0.785904184492698","0.46438895764838606","0.6833735853343563","1.6923403787902909","FR","FR","FA2_LL","FR","FR","3.5296223937943907","8.346321154514614","2.1014232364529146","0.39977586012458993","0.09392413750464247"
"twitter_med_ego_23503181","social","101","1824","yes","0.1805940594","0.183","3","3","0.8472745469829909","0.7625470922846918","0.36811191867357174","0.42363727349149544","0.011027407403790913","2.071508836313694","38.416760892126","1.3727237735064721","1.235451396155825","0.8385508121631821","0.6863618867532361","0.16568413924011777","1.4733172733668596","4.142592585513125","0.9433294755449547","0.8489965279904593","0.12113400974221208","0.47166473777247736","0.004698365580688367","7.0087379241983925","100.38910971746324","0.9465379492700182","0.8518841543430165","0.8099656568581941","0.4732689746350091","0.05670137628546281","1.0517534257531629","8.346692895994952","FR","FR","FA2_LL","FR","FR","7.0087379241983925","100.38910971746324","1.3727237735064721","0.12113400974221208","0.004698365580688367"
"twitter_med_ego_26346966","social","78","1928","yes","0.321012321","0.098","4","3","0.7036621332462984","0.6332959199216687","0.3756704917757898","0.3518310666231492","0.011061583253182829","1.685774991078183","31.80657402925701","1.7705496331163952","1.5934946698047558","0.9501991937993424","0.8852748165581976","0.2084923067960233","1.677011178501653","4.246079052807923","0.9242741442001815","0.8318467297801634","0.06639437620337027","0.46213707210009075","0.0037804999113055337","12.528873337587555","122.24231793210102","0.9347995792088138","0.8413196212879325","0.4394253276812542","0.4673997896044069","0.05501882013348966","1.9145906443931702","8.495271044896565","FR","FR","FA2_LL","FR","FR","12.528873337587555","122.24231793210102","1.7705496331163952","0.06639437620337027","0.0037804999113055337"
"twitter_med_ego_430313102","social","51","1646","yes","0.6454901961","0.04","3","3","0.5665998797497696","0.5099398917747926","0.1402484386477506","0.2832999398748848","0.011291049670528538","3.6359755352112173","25.090664565433926","0.6942826916095333","0.6248544224485799","0.18322791473236782","0.34714134580476663","0.008779938450922667","3.4102577839259625","39.53801586938075","0.573652652297717","0.5162873870679453","0.020791502336355672","0.2868263261488585","0.0024085836714301287","24.83165375525432","119.08505797456957","0.585737256195904","0.5271635305763135","0.22260000984388426","0.292868628097952","0.03322985610808489","2.3682098259835134","8.813418485633962","FR","FR","FA2_LL","FR","FR","24.83165375525432","119.08505797456957","0.6942826916095333","0.020791502336355672","0.0024085836714301287"
"twitter_med_ego_9254272","social","155","1779","yes","0.0745286971","0.371","4","2","2.2654281201041506","2.0388853080937355","3.6288094075267314","1.1327140600520753","0.2472401336771176","0.5618606763597893","4.581432808685257","2.8759427695266306","2.5883484925739673","7.789421408079716","1.4379713847633153","1.1374799393857733","0.3322902121958836","1.2641729625049951","2.595893337105596","2.3363040033950364","0.5269007763524054","1.297946668552798","0.17005932563668744","4.434049271228353","7.632316920541686","2.6214410747150514","2.359296967243546","4.213673323734882","1.3107205373575257","0.9849202651245591","0.5599145415364881","1.3307884747317733","FR","FR","FA2_LL","FR","FR","4.434049271228353","7.632316920541686","2.8759427695266306","0.5269007763524054","0.17005932563668744"
"twitter_med_ego_9460682","social","88","2003","yes","0.2616248694","0.153","3","3","0.7558127337660276","0.6802314603894248","0.30979333461844477","0.3779063668830138","0.009385339211579429","2.1957588636541456","40.265605575210444","1.8424498781242433","1.658204890311819","1.2046998311261674","0.9212249390621217","0.2756916561490526","1.3764465200943123","3.341504606741024","0.9056799609402584","0.8151119648462325","0.12677067812497436","0.4528399804701292","0.00494247879063061","6.42981466142092","91.62203818225215","0.9077929811642669","0.8170136830478402","0.7056651613216797","0.45389649058213344","0.05822058220582206","1.1577922899263011","7.7961516938719955","FR","FR","FA2_LL","FR","FR","6.42981466142092","91.62203818225215","1.8424498781242433","0.12677067812497436","0.00494247879063061"
"twitter_small_ego_14711172","social","6","8","yes","0.2666666667","0","1","1","0.6726643773533973","0.6053979396180577","0.01738278943254525","0.3363321886766987","0.0018610601968213857","34.82743330507071","180.7207468362067","1.0783799678405566","0.970541971056501","3.605127046732672","0.5391899839202783","0.08191313227435598","0.2692115862979374","6.582460820987052","0.5987686846021845","0.538891816141966","0.0009509562438357206","0.29938434230109223","0.00004556779918921866","566.6841346646235","6570.085622478922","0.6011885910112639","0.5410697319101376","0.003179002890486117","0.30059429550563194","0.0006832029796772853","170.20108208438904","439.97802182832885","FR","FR","FA2_LL","FR","FR","566.6841346646235","6570.085622478922","1.0783799678405566","0.0009509562438357206","0.00004556779918921866"
"twitter_small_ego_15053535","social","18","26","yes","0.0849673203","0.599","5","5","6.165817455596387","5.549235710036748","1.9373443969119506","3.0829087277981935","0.16008342049563246","2.8643516965192184","19.25813877697787","6.460609839567331","5.814548855610598","1.7269793495322752","3.2303049197836655","0.7567964532976027","3.366889625626025","4.268393311977349","13.724330694036775","12.351897624633098","0.24805320351276064","6.862165347018387","0.08795251197328206","49.795356196630124","78.02125480057869","4.756930353182839","4.281237317864556","0.4635661307822425","2.3784651765914195","0.09523915347030694","9.235440282576732","24.97360686152006","FR","FR","FR","FR","FR","49.795356196630124","78.02125480057869","13.724330694036775","0.24805320351276064","0.08795251197328206"
"twitter_small_ego_15924858","social","10","39","yes","0.4333333333","0.093","2","2","0.6283157772782203","0.5654841995503983","0.012087989119460648","0.31415788863911015","0.0011391949797304665","46.78066748422334","275.7718338202648","0.783841458703944","0.7054573128335496","0.09013733876254608","0.391920729351972","0.0017755167469799128","7.826471499141726","220.7361490780723","0.6189965975178651","0.5570969377660786","0.002670867105938468","0.30949829875893253","0.00009276301977805228","208.58279939403062","3336.440528773728","0.6267123689616613","0.5640411320654951","0.012338249601858474","0.31335618448083064","0.001730621592432109","45.71484207780456","181.06568521455875","FR","FR","FA2_LL","FR","FR","208.58279939403062","3336.440528773728","0.783841458703944","0.002670867105938468","0.00009276301977805228"
"twitter_small_ego_215328630","social","10","33","yes","0.3666666667","0.106","2","2","0.6893791252443136","0.6204412127198822","0.038331377898766374","0.3446895626221568","0.0011310578727323915","16.186248622694308","304.74971346025046","1.394013148022757","1.2546118332204814","0.2630922045509076","0.6970065740113786","0.06744058449235539","4.7687153458692375","10.33512059923482","0.6872335501559782","0.6185101951403804","0.002776813640148755","0.3436167750779891","0.00007974364858113266","222.74098131671758","4309.017472763201","0.6850386306522047","0.6165347675869842","0.03484902066851589","0.34251931532610236","0.004911165594955402","17.691595223047067","69.74297826119478","FR","FR","FA2_LL","FR","FR","222.74098131671758","4309.017472763201","1.394013148022757","0.002776813640148755","0.00007974364858113266"
"twitter_small_ego_22252971","social","23","34","yes","0.0671936759","0.503","5","3","7.134448450754034","6.42100360567863","1.8185849684496715","3.567224225377017","0.15641486646069497","3.5307690963444407","22.806171216937454","10.808870667265364","9.727983600538828","2.350848678549398","5.404435333632682","1.4027954193400654","4.138073066677148","3.8526183213338108","17.569314174284564","15.812382756856108","0.35579543425513954","8.784657087142282","0.13331145100472816","44.44234308391127","65.89574279579867","4.311673272097427","3.880505944887685","0.46174586270441853","2.1558366360487136","0.11361537468706695","8.403986388009605","18.97486710743662","FR","FR","FR","FR","YH","44.44234308391127","65.89574279579867","17.569314174284564","0.35579543425513954","0.11361537468706695"
"twitter_small_ego_396721965","social","9","21","yes","0.2916666667","0.118","2","2","0.8867233895157061","0.7980510505641355","0.013427863330007788","0.44336169475785303","0.002117054506025533","59.432467470881875","209.4238450148368","1.919639249960412","1.7276753249643708","1.6032638402556476","0.959819624980206","0.11253396533335701","1.0775988839671486","8.529154927909564","0.7958803245770203","0.7162922921193183","0.003849190749463679","0.39794016228851015","0.00012042918357150646","186.08906098486332","3304.3499132602506","0.7993327359709163","0.7193994623738246","0.011472707109841227","0.3996663679854581","0.001444102558353908","62.705293134933044","276.75760677345977","FR","FR","FA2_LL","FR","FR","186.08906098486332","3304.3499132602506","1.919639249960412","0.003849190749463679","0.00012042918357150646"
"twitter_small_ego_40777046","social","25","39","yes","0.065","0.57","5","5","4.204645225359393","3.7841807028234538","1.1282079811795938","2.1023226126796963","0.11713729942341414","3.3541516865240726","17.947507950311095","4.898748186285843","4.408873367657259","3.826694136773536","2.4493740931429215","1.318681745735538","1.1521363375476321","1.8574414191020008","7.982567833756512","7.1843110503808605","0.446204208496335","3.991283916878256","0.1386739551823754","16.100948654409365","28.781784666263874","2.7346584496777155","2.4611926047099444","0.43970841503496444","1.3673292248388578","0.07516328515559123","5.597328867390989","18.191451078920082","FR","FR","FR","YH","YH","16.100948654409365","28.781784666263874","7.982567833756512","0.43970841503496444","0.07516328515559123"
"twitter_small_ego_43858661","social","11","37","yes","0.3363636364","0.191","2","2","0.8142581858167915","0.7328323672351125","0.01481026979479304","0.4071290929083958","0.0011717434077227655","49.48136511954428","347.4558424865681","2.1632218756276838","1.9468996880649154","0.5715694491070289","1.0816109378138419","0.13994796936817208","3.406234694850441","7.728664750885833","0.7930958330865124","0.7137862497778612","0.004339493226230582","0.3965479165432562","0.00010415496957535694","164.4860845647357","3807.2875270377826","0.7966730025870552","0.7170057023283497","0.02112395798296369","0.3983365012935276","0.0019188610344135634","33.94277260476514","207.5900725219875","FR","FR","FA2_LL","FR","FR","164.4860845647357","3807.2875270377826","2.1632218756276838","0.004339493226230582","0.00010415496957535694"
"twitter_small_ego_96545499","social","13","38","yes","0.2435897436","0.195","2","2","1.0308782789997513","0.9277904510997762","0.017180513252645278","0.5154391394998756","0.004716813122114647","54.00248743773267","109.2769898140025","2.4243956602002847","2.1819560941802565","1.0206984915674047","1.2121978301001424","0.14923441585648817","2.1377087476925745","8.122776660752685","0.9368702736179494","0.8431832462561545","0.007326848241825385","0.4684351368089747","0.0003950376490700982","115.08130350548748","1185.7987154177608","0.9331741523049162","0.8398567370744245","0.033969074008999046","0.4665870761524581","0.004834180238987779","24.724157533759403","96.51834501109872","FR","FR","FA2_LL","FR","FR","115.08130350548748","1185.7987154177608","2.4243956602002847","0.007326848241825385","0.0003950376490700982"
"twitter_small_ego_98801140","social","5","5","yes","0.25","0.219","2","2","0.8035111862642845","0.723160067637856","0.03866829614635725","0.40175559313214226","0.009946655355101502","18.70162742368418","40.391023795359246","0.7434133572802796","0.6690720215522517","0.15186760946265987","0.3717066786401398","0.008988313618240016","4.40562687408837","41.354440268509784","0.716545752863179","0.6448911775768611","0.0015251172027505072","0.3582728764315895","0.00018766919123081082","422.8469631145839","1909.0660224083153","0.7254152696100352","0.6528737426490316","0.003991353187921514","0.3627076348050176","0.0011348243454435288","163.57202981303035","319.6156623369398","FR","FR","FA2","FR","FR","422.8469631145839","1909.0660224083153","0.8035111862642845","0.0015251172027505072","0.00018766919123081082"
"yeast","biological","2361","7182","yes","0.001288954","0.59","122","2","2.409675275295885","2.168707747766297","305.24024801173147","1.2048376376479426","18.925387518537157","0.007104920671152599","0.063662508176798","2.056629693702117","1.8509667243319052","283.0142767556632","1.0283148468510586","21.526298331945878","0.006540188521761091","0.04777016610073636","11.89623967117156","10.706615704054405","2675.3795947190997","5.94811983558578","1040.0887017453035","0.004001905271755854","0.00571885823353781","2.0864684931567377","1.877821643841064","147.3573904776947","1.0432342465783688","32.05493760473549","0.012743314995967626","0.032545196607222576","YH","FA2","FR","YH","FA2","0.012743314995967626","0.063662508176798","11.89623967117156","147.3573904776947","18.925387518537157"
"zacharys_karate_club","social","34","78","yes","0.0695187166","0.39","4","3","1.3056097442119126","1.1750487697907215","0.19773818830518064","0.6528048721059563","0.029689803373479987","5.9424473333254255","21.987510792646923","1.0892517438235048","0.9803265694411544","0.4037571757099115","0.5446258719117524","0.025549199660487125","2.428010270572856","21.316748827715273","1.2077343005127992","1.0869608704615192","0.03346120810813726","0.6038671502563996","0.005292119470362823","32.48420878734461","114.10686278686732","1.2140804944668402","1.0926724450201561","0.16053565250714494","0.6070402472334201","0.02870015998464976","6.80641606992269","21.151110222315648","FR","FR","FA2","FR","FR","32.48420878734461","114.10686278686732","1.3056097442119126","0.03346120810813726","0.005292119470362823"